Wk,Day,Date,Time,Home,xG,Score,xG.1,Away,Attendance,Venue,Referee,Match Report,Notes,match_url
1.0,Fri,2025-08-15,20:00,Liverpool,,,,Bournemouth,,Anfield,,Head-to-Head,,https://fbref.com/en/matches/2025-08-15
1.0,Sat,2025-08-16,12:30,Aston Villa,,,,Newcastle Utd,,Villa Park,,Head-to-Head,,https://fbref.com/en/matches/2025-08-16
1.0,Sat,2025-08-16,15:00,Sunderland,,,,West Ham,,Stadium of Light,,Head-to-Head,,https://fbref.com/en/matches/2025-08-16
1.0,Sat,2025-08-16,15:00,Tottenham,,,,Burnley,,Tottenham Hotspur Stadium,,Head-to-Head,,https://fbref.com/en/matches/2025-08-16
1.0,Sat,2025-08-16,15:00,Brighton,,,,Fulham,,The American Express Stadium,,Head-to-Head,,https://fbref.com/en/matches/2025-08-16
1.0,Sat,2025-08-16,17:30,Wolves,,,,Manchester City,,Molineux Stadium,,Head-to-Head,,https://fbref.com/en/matches/2025-08-16
1.0,Sun,2025-08-17,14:00,Nott'ham Forest,,,,Brentford,,The City Ground,,Head-to-Head,,https://fbref.com/en/matches/2025-08-17
1.0,Sun,2025-08-17,14:00,Chelsea,,,,Crystal Palace,,Stamford Bridge,,Head-to-Head,,https://fbref.com/en/matches/2025-08-17
1.0,Sun,2025-08-17,16:30,Manchester Utd,,,,Arsenal,,Old Trafford,,Head-to-Head,,https://fbref.com/en/matches/2025-08-17
1.0,Mon,2025-08-18,20:00,Leeds United,,,,Everton,,Elland Road,,Head-to-Head,,https://fbref.com/en/matches/2025-08-18
2.0,Fri,2025-08-22,20:00,West Ham,,,,Chelsea,,London Stadium,,Head-to-Head,,
2.0,Sat,2025-08-23,12:30,Manchester City,,,,Tottenham,,Etihad Stadium,,Head-to-Head,,https://fbref.com/en/matches/2025-08-22
2.0,Sat,2025-08-23,15:00,Bournemouth,,,,Wolves,,Vitality Stadium,,Head-to-Head,,https://fbref.com/en/matches/2025-08-23
2.0,Sat,2025-08-23,15:00,Brentford,,,,Aston Villa,,Gtech Community Stadium,,Head-to-Head,,https://fbref.com/en/matches/2025-08-23
2.0,Sat,2025-08-23,15:00,Burnley,,,,Sunderland,,Turf Moor,,Head-to-Head,,https://fbref.com/en/matches/2025-08-23
2.0,Sat,2025-08-23,17:30,Arsenal,,,,Leeds United,,Emirates Stadium,,Head-to-Head,,https://fbref.com/en/matches/2025-08-23
2.0,Sun,2025-08-24,14:00,Crystal Palace,,,,Nott'ham Forest,,Selhurst Park,,Head-to-Head,,https://fbref.com/en/matches/2025-08-23
2.0,Sun,2025-08-24,14:00,Everton,,,,Brighton,,Hill Dickinson Stadium,,Head-to-Head,,https://fbref.com/en/matches/2025-08-24
2.0,Sun,2025-08-24,16:30,Fulham,,,,Manchester Utd,,Craven Cottage,,Head-to-Head,,https://fbref.com/en/matches/2025-08-24
2.0,Mon,2025-08-25,20:00,Newcastle Utd,,,,Liverpool,,St James' Park,,Head-to-Head,,https://fbref.com/en/matches/2025-08-24
3.0,Fri,2025-08-29,20:00,Aston Villa,,,,Crystal Palace,,Villa Park,,Head-to-Head,,https://fbref.com/en/matches/2025-08-25
3.0,Sat,2025-08-30,12:30,Chelsea,,,,Fulham,,Stamford Bridge,,Head-to-Head,,
3.0,Sat,2025-08-30,15:00,Sunderland,,,,Brentford,,Stadium of Light,,Head-to-Head,,https://fbref.com/en/matches/2025-08-29
3.0,Sat,2025-08-30,15:00,Wolves,,,,Everton,,Molineux Stadium,,Head-to-Head,,https://fbref.com/en/matches/2025-08-30
3.0,Sat,2025-08-30,15:00,Tottenham,,,,Bournemouth,,Tottenham Hotspur Stadium,,Head-to-Head,,https://fbref.com/en/matches/2025-08-30
3.0,Sat,2025-08-30,15:00,Manchester Utd,,,,Burnley,,Old Trafford,,Head-to-Head,,https://fbref.com/en/matches/2025-08-30
3.0,Sat,2025-08-30,17:30,Leeds United,,,,Newcastle Utd,,Elland Road,,Head-to-Head,,https://fbref.com/en/matches/2025-08-30
3.0,Sun,2025-08-31,14:00,Brighton,,,,Manchester City,,The American Express Stadium,,Head-to-Head,,https://fbref.com/en/matches/2025-08-30
3.0,Sun,2025-08-31,14:00,Nott'ham Forest,,,,West Ham,,The City Ground,,Head-to-Head,,https://fbref.com/en/matches/2025-08-30
3.0,Sun,2025-08-31,16:30,Liverpool,,,,Arsenal,,Anfield,,Head-to-Head,,https://fbref.com/en/matches/2025-08-31
4.0,Sat,2025-09-13,12:30,Arsenal,,,,Nott'ham Forest,,Emirates Stadium,,Head-to-Head,,https://fbref.com/en/matches/2025-08-31
4.0,Sat,2025-09-13,15:00,Crystal Palace,,,,Sunderland,,Selhurst Park,,Head-to-Head,,https://fbref.com/en/matches/2025-08-31
4.0,Sat,2025-09-13,15:00,Bournemouth,,,,Brighton,,Vitality Stadium,,Head-to-Head,,
4.0,Sat,2025-09-13,15:00,Everton,,,,Aston Villa,,Hill Dickinson Stadium,,Head-to-Head,,https://fbref.com/en/matches/2025-09-13
4.0,Sat,2025-09-13,15:00,Fulham,,,,Leeds United,,Craven Cottage,,Head-to-Head,,https://fbref.com/en/matches/2025-09-13
4.0,Sat,2025-09-13,15:00,Newcastle Utd,,,,Wolves,,St James' Park,,Head-to-Head,,https://fbref.com/en/matches/2025-09-13
4.0,Sat,2025-09-13,17:30,West Ham,,,,Tottenham,,London Stadium,,Head-to-Head,,https://fbref.com/en/matches/2025-09-13
4.0,Sat,2025-09-13,20:00,Brentford,,,,Chelsea,,Gtech Community Stadium,,Head-to-Head,,https://fbref.com/en/matches/2025-09-13
4.0,Sun,2025-09-14,14:00,Burnley,,,,Liverpool,,Turf Moor,,Head-to-Head,,https://fbref.com/en/matches/2025-09-13
4.0,Sun,2025-09-14,16:30,Manchester City,,,,Manchester Utd,,Etihad Stadium,,Head-to-Head,,https://fbref.com/en/matches/2025-09-13
5.0,Sat,2025-09-20,12:30,Liverpool,,,,Everton,,Anfield,,Head-to-Head,,https://fbref.com/en/matches/2025-09-13
5.0,Sat,2025-09-20,15:00,Bournemouth,,,,Newcastle Utd,,Vitality Stadium,,Head-to-Head,,https://fbref.com/en/matches/2025-09-14
5.0,Sat,2025-09-20,15:00,Brighton,,,,Tottenham,,The American Express Stadium,,Head-to-Head,,https://fbref.com/en/matches/2025-09-14
5.0,Sat,2025-09-20,15:00,Wolves,,,,Leeds United,,Molineux Stadium,,Head-to-Head,,
5.0,Sat,2025-09-20,15:00,West Ham,,,,Crystal Palace,,London Stadium,,Head-to-Head,,https://fbref.com/en/matches/2025-09-20
5.0,Sat,2025-09-20,15:00,Burnley,,,,Nott'ham Forest,,Turf Moor,,Head-to-Head,,https://fbref.com/en/matches/2025-09-20
5.0,Sat,2025-09-20,17:30,Manchester Utd,,,,Chelsea,,Old Trafford,,Head-to-Head,,https://fbref.com/en/matches/2025-09-20
5.0,Sat,2025-09-20,20:00,Fulham,,,,Brentford,,Craven Cottage,,Head-to-Head,,https://fbref.com/en/matches/2025-09-20
5.0,Sun,2025-09-21,14:00,Sunderland,,,,Aston Villa,,Stadium of Light,,Head-to-Head,,https://fbref.com/en/matches/2025-09-20
5.0,Sun,2025-09-21,16:30,Arsenal,,,,Manchester City,,Emirates Stadium,,Head-to-Head,,https://fbref.com/en/matches/2025-09-20
6.0,Sat,2025-09-27,12:30,Brentford,,,,Manchester Utd,,Gtech Community Stadium,,Head-to-Head,,https://fbref.com/en/matches/2025-09-20
6.0,Sat,2025-09-27,15:00,Aston Villa,,,,Fulham,,Villa Park,,Head-to-Head,,https://fbref.com/en/matches/2025-09-20
6.0,Sat,2025-09-27,15:00,Manchester City,,,,Burnley,,Etihad Stadium,,Head-to-Head,,https://fbref.com/en/matches/2025-09-21
6.0,Sat,2025-09-27,15:00,Leeds United,,,,Bournemouth,,Elland Road,,Head-to-Head,,https://fbref.com/en/matches/2025-09-21
6.0,Sat,2025-09-27,15:00,Crystal Palace,,,,Liverpool,,Selhurst Park,,Head-to-Head,,
6.0,Sat,2025-09-27,15:00,Chelsea,,,,Brighton,,Stamford Bridge,,Head-to-Head,,https://fbref.com/en/matches/2025-09-27
6.0,Sat,2025-09-27,17:30,Nott'ham Forest,,,,Sunderland,,The City Ground,,Head-to-Head,,https://fbref.com/en/matches/2025-09-27
6.0,Sun,2025-09-28,14:00,Tottenham,,,,Wolves,,Tottenham Hotspur Stadium,,Head-to-Head,,https://fbref.com/en/matches/2025-09-27
6.0,Sun,2025-09-28,16:30,Newcastle Utd,,,,Arsenal,,St James' Park,,Head-to-Head,,https://fbref.com/en/matches/2025-09-27
6.0,Mon,2025-09-29,20:00,Everton,,,,West Ham,,Hill Dickinson Stadium,,Head-to-Head,,https://fbref.com/en/matches/2025-09-27
7.0,Sat,2025-10-04,15:00,Arsenal,,,,West Ham,,Emirates Stadium,,Head-to-Head,,https://fbref.com/en/matches/2025-09-27
7.0,Sat,2025-10-04,15:00,Wolves,,,,Brighton,,Molineux Stadium,,Head-to-Head,,https://fbref.com/en/matches/2025-09-27
7.0,Sat,2025-10-04,15:00,Chelsea,,,,Liverpool,,Stamford Bridge,,Head-to-Head,,https://fbref.com/en/matches/2025-09-28
7.0,Sat,2025-10-04,15:00,Newcastle Utd,,,,Nott'ham Forest,,St James' Park,,Head-to-Head,,https://fbref.com/en/matches/2025-09-28
7.0,Sat,2025-10-04,15:00,Manchester Utd,,,,Sunderland,,Old Trafford,,Head-to-Head,,https://fbref.com/en/matches/2025-09-29
7.0,Sat,2025-10-04,15:00,Aston Villa,,,,Burnley,,Villa Park,,Head-to-Head,,
7.0,Sat,2025-10-04,15:00,Everton,,,,Crystal Palace,,Hill Dickinson Stadium,,Head-to-Head,,https://fbref.com/en/matches/2025-10-04
7.0,Sat,2025-10-04,15:00,Leeds United,,,,Tottenham,,Elland Road,,Head-to-Head,,https://fbref.com/en/matches/2025-10-04
7.0,Sat,2025-10-04,15:00,Brentford,,,,Manchester City,,Gtech Community Stadium,,Head-to-Head,,https://fbref.com/en/matches/2025-10-04
7.0,Sat,2025-10-04,15:00,Bournemouth,,,,Fulham,,Vitality Stadium,,Head-to-Head,,https://fbref.com/en/matches/2025-10-04
8.0,Sat,2025-10-18,15:00,Manchester City,,,,Everton,,Etihad Stadium,,Head-to-Head,,https://fbref.com/en/matches/2025-10-04
8.0,Sat,2025-10-18,15:00,Nott'ham Forest,,,,Chelsea,,The City Ground,,Head-to-Head,,https://fbref.com/en/matches/2025-10-04
8.0,Sat,2025-10-18,15:00,Sunderland,,,,Wolves,,Stadium of Light,,Head-to-Head,,https://fbref.com/en/matches/2025-10-04
8.0,Sat,2025-10-18,15:00,Tottenham,,,,Aston Villa,,Tottenham Hotspur Stadium,,Head-to-Head,,https://fbref.com/en/matches/2025-10-04
8.0,Sat,2025-10-18,15:00,Liverpool,,,,Manchester Utd,,Anfield,,Head-to-Head,,https://fbref.com/en/matches/2025-10-04
8.0,Sat,2025-10-18,15:00,Crystal Palace,,,,Bournemouth,,Selhurst Park,,Head-to-Head,,https://fbref.com/en/matches/2025-10-04
8.0,Sat,2025-10-18,15:00,West Ham,,,,Brentford,,London Stadium,,Head-to-Head,,
8.0,Sat,2025-10-18,15:00,Burnley,,,,Leeds United,,Turf Moor,,Head-to-Head,,https://fbref.com/en/matches/2025-10-18
8.0,Sat,2025-10-18,15:00,Fulham,,,,Arsenal,,Craven Cottage,,Head-to-Head,,https://fbref.com/en/matches/2025-10-18
8.0,Sat,2025-10-18,15:00,Brighton,,,,Newcastle Utd,,The American Express Stadium,,Head-to-Head,,https://fbref.com/en/matches/2025-10-18
9.0,Sat,2025-10-25,15:00,Bournemouth,,,,Nott'ham Forest,,Vitality Stadium,,Head-to-Head,,https://fbref.com/en/matches/2025-10-18
9.0,Sat,2025-10-25,15:00,Newcastle Utd,,,,Fulham,,St James' Park,,Head-to-Head,,https://fbref.com/en/matches/2025-10-18
9.0,Sat,2025-10-25,15:00,Chelsea,,,,Sunderland,,Stamford Bridge,,Head-to-Head,,https://fbref.com/en/matches/2025-10-18
9.0,Sat,2025-10-25,15:00,Leeds United,,,,West Ham,,Elland Road,,Head-to-Head,,https://fbref.com/en/matches/2025-10-18
9.0,Sat,2025-10-25,15:00,Arsenal,,,,Crystal Palace,,Emirates Stadium,,Head-to-Head,,https://fbref.com/en/matches/2025-10-18
9.0,Sat,2025-10-25,15:00,Wolves,,,,Burnley,,Molineux Stadium,,Head-to-Head,,https://fbref.com/en/matches/2025-10-18
9.0,Sat,2025-10-25,15:00,Everton,,,,Tottenham,,Hill Dickinson Stadium,,Head-to-Head,,https://fbref.com/en/matches/2025-10-18
9.0,Sat,2025-10-25,15:00,Brentford,,,,Liverpool,,Gtech Community Stadium,,Head-to-Head,,
9.0,Sat,2025-10-25,15:00,Manchester Utd,,,,Brighton,,Old Trafford,,Head-to-Head,,https://fbref.com/en/matches/2025-10-25
9.0,Sat,2025-10-25,15:00,Aston Villa,,,,Manchester City,,Villa Park,,Head-to-Head,,https://fbref.com/en/matches/2025-10-25
10.0,Sat,2025-11-01,15:00,Nott'ham Forest,,,,Manchester Utd,,The City Ground,,Head-to-Head,,https://fbref.com/en/matches/2025-10-25
10.0,Sat,2025-11-01,15:00,Crystal Palace,,,,Brentford,,Selhurst Park,,Head-to-Head,,https://fbref.com/en/matches/2025-10-25
10.0,Sat,2025-11-01,15:00,Sunderland,,,,Everton,,Stadium of Light,,Head-to-Head,,https://fbref.com/en/matches/2025-10-25
10.0,Sat,2025-11-01,15:00,Manchester City,,,,Bournemouth,,Etihad Stadium,,Head-to-Head,,https://fbref.com/en/matches/2025-10-25
10.0,Sat,2025-11-01,15:00,West Ham,,,,Newcastle Utd,,London Stadium,,Head-to-Head,,https://fbref.com/en/matches/2025-10-25
10.0,Sat,2025-11-01,15:00,Burnley,,,,Arsenal,,Turf Moor,,Head-to-Head,,https://fbref.com/en/matches/2025-10-25
10.0,Sat,2025-11-01,15:00,Tottenham,,,,Chelsea,,Tottenham Hotspur Stadium,,Head-to-Head,,https://fbref.com/en/matches/2025-10-25
10.0,Sat,2025-11-01,15:00,Liverpool,,,,Aston Villa,,Anfield,,Head-to-Head,,https://fbref.com/en/matches/2025-10-25
10.0,Sat,2025-11-01,15:00,Fulham,,,,Wolves,,Craven Cottage,,Head-to-Head,,
10.0,Sat,2025-11-01,15:00,Brighton,,,,Leeds United,,The American Express Stadium,,Head-to-Head,,https://fbref.com/en/matches/2025-11-01
11.0,Sat,2025-11-08,15:00,Tottenham,,,,Manchester Utd,,Tottenham Hotspur Stadium,,Head-to-Head,,https://fbref.com/en/matches/2025-11-01
11.0,Sat,2025-11-08,15:00,Crystal Palace,,,,Brighton,,Selhurst Park,,Head-to-Head,,https://fbref.com/en/matches/2025-11-01
11.0,Sat,2025-11-08,15:00,Nott'ham Forest,,,,Leeds United,,The City Ground,,Head-to-Head,,https://fbref.com/en/matches/2025-11-01
11.0,Sat,2025-11-08,15:00,Chelsea,,,,Wolves,,Stamford Bridge,,Head-to-Head,,https://fbref.com/en/matches/2025-11-01
11.0,Sat,2025-11-08,15:00,Aston Villa,,,,Bournemouth,,Villa Park,,Head-to-Head,,https://fbref.com/en/matches/2025-11-01
11.0,Sat,2025-11-08,15:00,Brentford,,,,Newcastle Utd,,Gtech Community Stadium,,Head-to-Head,,https://fbref.com/en/matches/2025-11-01
11.0,Sat,2025-11-08,15:00,Sunderland,,,,Arsenal,,Stadium of Light,,Head-to-Head,,https://fbref.com/en/matches/2025-11-01
11.0,Sat,2025-11-08,15:00,West Ham,,,,Burnley,,London Stadium,,Head-to-Head,,https://fbref.com/en/matches/2025-11-01
11.0,Sat,2025-11-08,15:00,Manchester City,,,,Liverpool,,Etihad Stadium,,Head-to-Head,,https://fbref.com/en/matches/2025-11-01
11.0,Sat,2025-11-08,15:00,Everton,,,,Fulham,,Hill Dickinson Stadium,,Head-to-Head,,
12.0,Sat,2025-11-22,15:00,Leeds United,,,,Aston Villa,,Elland Road,,Head-to-Head,,https://fbref.com/en/matches/2025-11-08
12.0,Sat,2025-11-22,15:00,Manchester Utd,,,,Everton,,Old Trafford,,Head-to-Head,,https://fbref.com/en/matches/2025-11-08
12.0,Sat,2025-11-22,15:00,Arsenal,,,,Tottenham,,Emirates Stadium,,Head-to-Head,,https://fbref.com/en/matches/2025-11-08
12.0,Sat,2025-11-22,15:00,Fulham,,,,Sunderland,,Craven Cottage,,Head-to-Head,,https://fbref.com/en/matches/2025-11-08
12.0,Sat,2025-11-22,15:00,Bournemouth,,,,West Ham,,Vitality Stadium,,Head-to-Head,,https://fbref.com/en/matches/2025-11-08
12.0,Sat,2025-11-22,15:00,Burnley,,,,Chelsea,,Turf Moor,,Head-to-Head,,https://fbref.com/en/matches/2025-11-08
12.0,Sat,2025-11-22,15:00,Brighton,,,,Brentford,,The American Express Stadium,,Head-to-Head,,https://fbref.com/en/matches/2025-11-08
12.0,Sat,2025-11-22,15:00,Newcastle Utd,,,,Manchester City,,St James' Park,,Head-to-Head,,https://fbref.com/en/matches/2025-11-08
12.0,Sat,2025-11-22,15:00,Wolves,,,,Crystal Palace,,Molineux Stadium,,Head-to-Head,,https://fbref.com/en/matches/2025-11-08
12.0,Sat,2025-11-22,15:00,Liverpool,,,,Nott'ham Forest,,Anfield,,Head-to-Head,,https://fbref.com/en/matches/2025-11-08
13.0,Sat,2025-11-29,15:00,Chelsea,,,,Arsenal,,Stamford Bridge,,Head-to-Head,,
13.0,Sat,2025-11-29,15:00,West Ham,,,,Liverpool,,London Stadium,,Head-to-Head,,https://fbref.com/en/matches/2025-11-22
13.0,Sat,2025-11-29,15:00,Aston Villa,,,,Wolves,,Villa Park,,Head-to-Head,,https://fbref.com/en/matches/2025-11-22
13.0,Sat,2025-11-29,15:00,Crystal Palace,,,,Manchester Utd,,Selhurst Park,,Head-to-Head,,https://fbref.com/en/matches/2025-11-22
13.0,Sat,2025-11-29,15:00,Sunderland,,,,Bournemouth,,Stadium of Light,,Head-to-Head,,https://fbref.com/en/matches/2025-11-22
13.0,Sat,2025-11-29,15:00,Brentford,,,,Burnley,,Gtech Community Stadium,,Head-to-Head,,https://fbref.com/en/matches/2025-11-22
13.0,Sat,2025-11-29,15:00,Everton,,,,Newcastle Utd,,Hill Dickinson Stadium,,Head-to-Head,,https://fbref.com/en/matches/2025-11-22
13.0,Sat,2025-11-29,15:00,Manchester City,,,,Leeds United,,Etihad Stadium,,Head-to-Head,,https://fbref.com/en/matches/2025-11-22
13.0,Sat,2025-11-29,15:00,Nott'ham Forest,,,,Brighton,,The City Ground,,Head-to-Head,,https://fbref.com/en/matches/2025-11-22
13.0,Sat,2025-11-29,15:00,Tottenham,,,,Fulham,,Tottenham Hotspur Stadium,,Head-to-Head,,https://fbref.com/en/matches/2025-11-22
14.0,Wed,2025-12-03,20:00,Bournemouth,,,,Everton,,Vitality Stadium,,Head-to-Head,,https://fbref.com/en/matches/2025-11-22
14.0,Wed,2025-12-03,20:00,Wolves,,,,Nott'ham Forest,,Molineux Stadium,,Head-to-Head,,
14.0,Wed,2025-12-03,20:00,Manchester Utd,,,,West Ham,,Old Trafford,,Head-to-Head,,https://fbref.com/en/matches/2025-11-29
14.0,Wed,2025-12-03,20:00,Burnley,,,,Crystal Palace,,Turf Moor,,Head-to-Head,,https://fbref.com/en/matches/2025-11-29
14.0,Wed,2025-12-03,20:00,Brighton,,,,Aston Villa,,The American Express Stadium,,Head-to-Head,,https://fbref.com/en/matches/2025-11-29
14.0,Wed,2025-12-03,20:00,Leeds United,,,,Chelsea,,Elland Road,,Head-to-Head,,https://fbref.com/en/matches/2025-11-29
14.0,Wed,2025-12-03,20:00,Newcastle Utd,,,,Tottenham,,St James' Park,,Head-to-Head,,https://fbref.com/en/matches/2025-11-29
14.0,Wed,2025-12-03,20:00,Fulham,,,,Manchester City,,Craven Cottage,,Head-to-Head,,https://fbref.com/en/matches/2025-11-29
14.0,Wed,2025-12-03,20:00,Liverpool,,,,Sunderland,,Anfield,,Head-to-Head,,https://fbref.com/en/matches/2025-11-29
14.0,Wed,2025-12-03,20:00,Arsenal,,,,Brentford,,Emirates Stadium,,Head-to-Head,,https://fbref.com/en/matches/2025-11-29
15.0,Sat,2025-12-06,15:00,Tottenham,,,,Brentford,,Tottenham Hotspur Stadium,,Head-to-Head,,https://fbref.com/en/matches/2025-11-29
15.0,Sat,2025-12-06,15:00,Fulham,,,,Crystal Palace,,Craven Cottage,,Head-to-Head,,https://fbref.com/en/matches/2025-11-29
15.0,Sat,2025-12-06,15:00,Leeds United,,,,Liverpool,,Elland Road,,Head-to-Head,,
15.0,Sat,2025-12-06,15:00,Aston Villa,,,,Arsenal,,Villa Park,,Head-to-Head,,https://fbref.com/en/matches/2025-12-03
15.0,Sat,2025-12-06,15:00,Wolves,,,,Manchester Utd,,Molineux Stadium,,Head-to-Head,,https://fbref.com/en/matches/2025-12-03
15.0,Sat,2025-12-06,15:00,Newcastle Utd,,,,Burnley,,St James' Park,,Head-to-Head,,https://fbref.com/en/matches/2025-12-03
15.0,Sat,2025-12-06,15:00,Manchester City,,,,Sunderland,,Etihad Stadium,,Head-to-Head,,https://fbref.com/en/matches/2025-12-03
15.0,Sat,2025-12-06,15:00,Brighton,,,,West Ham,,The American Express Stadium,,Head-to-Head,,https://fbref.com/en/matches/2025-12-03
15.0,Sat,2025-12-06,15:00,Bournemouth,,,,Chelsea,,Vitality Stadium,,Head-to-Head,,https://fbref.com/en/matches/2025-12-03
15.0,Sat,2025-12-06,15:00,Everton,,,,Nott'ham Forest,,Hill Dickinson Stadium,,Head-to-Head,,https://fbref.com/en/matches/2025-12-03
16.0,Sat,2025-12-13,15:00,Sunderland,,,,Newcastle Utd,,Stadium of Light,,Head-to-Head,,https://fbref.com/en/matches/2025-12-03
16.0,Sat,2025-12-13,15:00,Nott'ham Forest,,,,Tottenham,,The City Ground,,Head-to-Head,,https://fbref.com/en/matches/2025-12-03
16.0,Sat,2025-12-13,15:00,Manchester Utd,,,,Bournemouth,,Old Trafford,,Head-to-Head,,https://fbref.com/en/matches/2025-12-03
16.0,Sat,2025-12-13,15:00,West Ham,,,,Aston Villa,,London Stadium,,Head-to-Head,,
16.0,Sat,2025-12-13,15:00,Crystal Palace,,,,Manchester City,,Selhurst Park,,Head-to-Head,,https://fbref.com/en/matches/2025-12-06
16.0,Sat,2025-12-13,15:00,Burnley,,,,Fulham,,Turf Moor,,Head-to-Head,,https://fbref.com/en/matches/2025-12-06
16.0,Sat,2025-12-13,15:00,Brentford,,,,Leeds United,,Gtech Community Stadium,,Head-to-Head,,https://fbref.com/en/matches/2025-12-06
16.0,Sat,2025-12-13,15:00,Arsenal,,,,Wolves,,Emirates Stadium,,Head-to-Head,,https://fbref.com/en/matches/2025-12-06
16.0,Sat,2025-12-13,15:00,Liverpool,,,,Brighton,,Anfield,,Head-to-Head,,https://fbref.com/en/matches/2025-12-06
16.0,Sat,2025-12-13,15:00,Chelsea,,,,Everton,,Stamford Bridge,,Head-to-Head,,https://fbref.com/en/matches/2025-12-06
17.0,Sat,2025-12-20,15:00,Aston Villa,,,,Manchester Utd,,Villa Park,,Head-to-Head,,https://fbref.com/en/matches/2025-12-06
17.0,Sat,2025-12-20,15:00,Tottenham,,,,Liverpool,,Tottenham Hotspur Stadium,,Head-to-Head,,https://fbref.com/en/matches/2025-12-06
17.0,Sat,2025-12-20,15:00,Wolves,,,,Brentford,,Molineux Stadium,,Head-to-Head,,https://fbref.com/en/matches/2025-12-06
17.0,Sat,2025-12-20,15:00,Brighton,,,,Sunderland,,The American Express Stadium,,Head-to-Head,,https://fbref.com/en/matches/2025-12-06
17.0,Sat,2025-12-20,15:00,Bournemouth,,,,Burnley,,Vitality Stadium,,Head-to-Head,,
17.0,Sat,2025-12-20,15:00,Newcastle Utd,,,,Chelsea,,St James' Park,,Head-to-Head,,https://fbref.com/en/matches/2025-12-13
17.0,Sat,2025-12-20,15:00,Leeds United,,,,Crystal Palace,,Elland Road,,Head-to-Head,,https://fbref.com/en/matches/2025-12-13
17.0,Sat,2025-12-20,15:00,Fulham,,,,Nott'ham Forest,,Craven Cottage,,Head-to-Head,,https://fbref.com/en/matches/2025-12-13
17.0,Sat,2025-12-20,15:00,Everton,,,,Arsenal,,Hill Dickinson Stadium,,Head-to-Head,,https://fbref.com/en/matches/2025-12-13
17.0,Sat,2025-12-20,15:00,Manchester City,,,,West Ham,,Etihad Stadium,,Head-to-Head,,https://fbref.com/en/matches/2025-12-13
18.0,Sat,2025-12-27,15:00,West Ham,,,,Fulham,,London Stadium,,Head-to-Head,,https://fbref.com/en/matches/2025-12-13
18.0,Sat,2025-12-27,15:00,Liverpool,,,,Wolves,,Anfield,,Head-to-Head,,https://fbref.com/en/matches/2025-12-13
18.0,Sat,2025-12-27,15:00,Crystal Palace,,,,Tottenham,,Selhurst Park,,Head-to-Head,,https://fbref.com/en/matches/2025-12-13
18.0,Sat,2025-12-27,15:00,Burnley,,,,Everton,,Turf Moor,,Head-to-Head,,https://fbref.com/en/matches/2025-12-13
18.0,Sat,2025-12-27,15:00,Nott'ham Forest,,,,Manchester City,,The City Ground,,Head-to-Head,,https://fbref.com/en/matches/2025-12-13
18.0,Sat,2025-12-27,15:00,Chelsea,,,,Aston Villa,,Stamford Bridge,,Head-to-Head,,
18.0,Sat,2025-12-27,15:00,Arsenal,,,,Brighton,,Emirates Stadium,,Head-to-Head,,https://fbref.com/en/matches/2025-12-20
18.0,Sat,2025-12-27,15:00,Manchester Utd,,,,Newcastle Utd,,Old Trafford,,Head-to-Head,,https://fbref.com/en/matches/2025-12-20
18.0,Sat,2025-12-27,15:00,Brentford,,,,Bournemouth,,Gtech Community Stadium,,Head-to-Head,,https://fbref.com/en/matches/2025-12-20
18.0,Sat,2025-12-27,15:00,Sunderland,,,,Leeds United,,Stadium of Light,,Head-to-Head,,https://fbref.com/en/matches/2025-12-20
19.0,Tue,2025-12-30,20:00,Arsenal,,,,Aston Villa,,Emirates Stadium,,Head-to-Head,,https://fbref.com/en/matches/2025-12-20
19.0,Tue,2025-12-30,20:00,Sunderland,,,,Manchester City,,Stadium of Light,,Head-to-Head,,https://fbref.com/en/matches/2025-12-20
19.0,Tue,2025-12-30,20:00,Nott'ham Forest,,,,Everton,,The City Ground,,Head-to-Head,,https://fbref.com/en/matches/2025-12-20
19.0,Tue,2025-12-30,20:00,Chelsea,,,,Bournemouth,,Stamford Bridge,,Head-to-Head,,https://fbref.com/en/matches/2025-12-20
19.0,Tue,2025-12-30,20:00,Brentford,,,,Tottenham,,Gtech Community Stadium,,Head-to-Head,,https://fbref.com/en/matches/2025-12-20
19.0,Tue,2025-12-30,20:00,Liverpool,,,,Leeds United,,Anfield,,Head-to-Head,,https://fbref.com/en/matches/2025-12-20
19.0,Tue,2025-12-30,20:00,West Ham,,,,Brighton,,London Stadium,,Head-to-Head,,
19.0,Tue,2025-12-30,20:00,Crystal Palace,,,,Fulham,,Selhurst Park,,Head-to-Head,,https://fbref.com/en/matches/2025-12-27
19.0,Tue,2025-12-30,20:00,Burnley,,,,Newcastle Utd,,Turf Moor,,Head-to-Head,,https://fbref.com/en/matches/2025-12-27
19.0,Tue,2025-12-30,20:00,Manchester Utd,,,,Wolves,,Old Trafford,,Head-to-Head,,https://fbref.com/en/matches/2025-12-27
20.0,Sat,2026-01-03,15:00,Fulham,,,,Liverpool,,Craven Cottage,,Head-to-Head,,https://fbref.com/en/matches/2025-12-27
20.0,Sat,2026-01-03,15:00,Manchester City,,,,Chelsea,,Etihad Stadium,,Head-to-Head,,https://fbref.com/en/matches/2025-12-27
20.0,Sat,2026-01-03,15:00,Wolves,,,,West Ham,,Molineux Stadium,,Head-to-Head,,https://fbref.com/en/matches/2025-12-27
20.0,Sat,2026-01-03,15:00,Aston Villa,,,,Nott'ham Forest,,Villa Park,,Head-to-Head,,https://fbref.com/en/matches/2025-12-27
20.0,Sat,2026-01-03,15:00,Newcastle Utd,,,,Crystal Palace,,St James' Park,,Head-to-Head,,https://fbref.com/en/matches/2025-12-27
20.0,Sat,2026-01-03,15:00,Everton,,,,Brentford,,Hill Dickinson Stadium,,Head-to-Head,,https://fbref.com/en/matches/2025-12-27
20.0,Sat,2026-01-03,15:00,Bournemouth,,,,Arsenal,,Vitality Stadium,,Head-to-Head,,https://fbref.com/en/matches/2025-12-27
20.0,Sat,2026-01-03,15:00,Leeds United,,,,Manchester Utd,,Elland Road,,Head-to-Head,,
20.0,Sat,2026-01-03,15:00,Brighton,,,,Burnley,,The American Express Stadium,,Head-to-Head,,https://fbref.com/en/matches/2025-12-30
20.0,Sat,2026-01-03,15:00,Tottenham,,,,Sunderland,,Tottenham Hotspur Stadium,,Head-to-Head,,https://fbref.com/en/matches/2025-12-30
21.0,Wed,2026-01-07,20:00,Manchester City,,,,Brighton,,Etihad Stadium,,Head-to-Head,,https://fbref.com/en/matches/2025-12-30
21.0,Wed,2026-01-07,20:00,West Ham,,,,Nott'ham Forest,,London Stadium,,Head-to-Head,,https://fbref.com/en/matches/2025-12-30
21.0,Wed,2026-01-07,20:00,Crystal Palace,,,,Aston Villa,,Selhurst Park,,Head-to-Head,,https://fbref.com/en/matches/2025-12-30
21.0,Wed,2026-01-07,20:00,Burnley,,,,Manchester Utd,,Turf Moor,,Head-to-Head,,https://fbref.com/en/matches/2025-12-30
21.0,Wed,2026-01-07,20:00,Arsenal,,,,Liverpool,,Emirates Stadium,,Head-to-Head,,https://fbref.com/en/matches/2025-12-30
21.0,Wed,2026-01-07,20:00,Everton,,,,Wolves,,Hill Dickinson Stadium,,Head-to-Head,,https://fbref.com/en/matches/2025-12-30
21.0,Wed,2026-01-07,20:00,Newcastle Utd,,,,Leeds United,,St James' Park,,Head-to-Head,,https://fbref.com/en/matches/2025-12-30
21.0,Wed,2026-01-07,20:00,Brentford,,,,Sunderland,,Gtech Community Stadium,,Head-to-Head,,https://fbref.com/en/matches/2025-12-30
21.0,Wed,2026-01-07,20:00,Bournemouth,,,,Tottenham,,Vitality Stadium,,Head-to-Head,,
21.0,Wed,2026-01-07,20:00,Fulham,,,,Chelsea,,Craven Cottage,,Head-to-Head,,https://fbref.com/en/matches/2026-01-03
22.0,Sat,2026-01-17,15:00,Leeds United,,,,Fulham,,Elland Road,,Head-to-Head,,https://fbref.com/en/matches/2026-01-03
22.0,Sat,2026-01-17,15:00,Liverpool,,,,Burnley,,Anfield,,Head-to-Head,,https://fbref.com/en/matches/2026-01-03
22.0,Sat,2026-01-17,15:00,Manchester Utd,,,,Manchester City,,Old Trafford,,Head-to-Head,,https://fbref.com/en/matches/2026-01-03
22.0,Sat,2026-01-17,15:00,Tottenham,,,,West Ham,,Tottenham Hotspur Stadium,,Head-to-Head,,https://fbref.com/en/matches/2026-01-03
22.0,Sat,2026-01-17,15:00,Aston Villa,,,,Everton,,Villa Park,,Head-to-Head,,https://fbref.com/en/matches/2026-01-03
22.0,Sat,2026-01-17,15:00,Nott'ham Forest,,,,Arsenal,,The City Ground,,Head-to-Head,,https://fbref.com/en/matches/2026-01-03
22.0,Sat,2026-01-17,15:00,Chelsea,,,,Brentford,,Stamford Bridge,,Head-to-Head,,https://fbref.com/en/matches/2026-01-03
22.0,Sat,2026-01-17,15:00,Sunderland,,,,Crystal Palace,,Stadium of Light,,Head-to-Head,,https://fbref.com/en/matches/2026-01-03
22.0,Sat,2026-01-17,15:00,Wolves,,,,Newcastle Utd,,Molineux Stadium,,Head-to-Head,,https://fbref.com/en/matches/2026-01-03
22.0,Sat,2026-01-17,15:00,Brighton,,,,Bournemouth,,The American Express Stadium,,Head-to-Head,,
23.0,Sat,2026-01-24,15:00,Arsenal,,,,Manchester Utd,,Emirates Stadium,,Head-to-Head,,https://fbref.com/en/matches/2026-01-07
23.0,Sat,2026-01-24,15:00,Fulham,,,,Brighton,,Craven Cottage,,Head-to-Head,,https://fbref.com/en/matches/2026-01-07
23.0,Sat,2026-01-24,15:00,Manchester City,,,,Wolves,,Etihad Stadium,,Head-to-Head,,https://fbref.com/en/matches/2026-01-07
23.0,Sat,2026-01-24,15:00,Brentford,,,,Nott'ham Forest,,Gtech Community Stadium,,Head-to-Head,,https://fbref.com/en/matches/2026-01-07
23.0,Sat,2026-01-24,15:00,West Ham,,,,Sunderland,,London Stadium,,Head-to-Head,,https://fbref.com/en/matches/2026-01-07
23.0,Sat,2026-01-24,15:00,Everton,,,,Leeds United,,Hill Dickinson Stadium,,Head-to-Head,,https://fbref.com/en/matches/2026-01-07
23.0,Sat,2026-01-24,15:00,Bournemouth,,,,Liverpool,,Vitality Stadium,,Head-to-Head,,https://fbref.com/en/matches/2026-01-07
23.0,Sat,2026-01-24,15:00,Crystal Palace,,,,Chelsea,,Selhurst Park,,Head-to-Head,,https://fbref.com/en/matches/2026-01-07
23.0,Sat,2026-01-24,15:00,Burnley,,,,Tottenham,,Turf Moor,,Head-to-Head,,https://fbref.com/en/matches/2026-01-07
23.0,Sat,2026-01-24,15:00,Newcastle Utd,,,,Aston Villa,,St James' Park,,Head-to-Head,,https://fbref.com/en/matches/2026-01-07
24.0,Sat,2026-01-31,15:00,Nott'ham Forest,,,,Crystal Palace,,The City Ground,,Head-to-Head,,
24.0,Sat,2026-01-31,15:00,Chelsea,,,,West Ham,,Stamford Bridge,,Head-to-Head,,https://fbref.com/en/matches/2026-01-17
24.0,Sat,2026-01-31,15:00,Liverpool,,,,Newcastle Utd,,Anfield,,Head-to-Head,,https://fbref.com/en/matches/2026-01-17
24.0,Sat,2026-01-31,15:00,Tottenham,,,,Manchester City,,Tottenham Hotspur Stadium,,Head-to-Head,,https://fbref.com/en/matches/2026-01-17
24.0,Sat,2026-01-31,15:00,Aston Villa,,,,Brentford,,Villa Park,,Head-to-Head,,https://fbref.com/en/matches/2026-01-17
24.0,Sat,2026-01-31,15:00,Brighton,,,,Everton,,The American Express Stadium,,Head-to-Head,,https://fbref.com/en/matches/2026-01-17
24.0,Sat,2026-01-31,15:00,Leeds United,,,,Arsenal,,Elland Road,,Head-to-Head,,https://fbref.com/en/matches/2026-01-17
24.0,Sat,2026-01-31,15:00,Sunderland,,,,Burnley,,Stadium of Light,,Head-to-Head,,https://fbref.com/en/matches/2026-01-17
24.0,Sat,2026-01-31,15:00,Wolves,,,,Bournemouth,,Molineux Stadium,,Head-to-Head,,https://fbref.com/en/matches/2026-01-17
24.0,Sat,2026-01-31,15:00,Manchester Utd,,,,Fulham,,Old Trafford,,Head-to-Head,,https://fbref.com/en/matches/2026-01-17
25.0,Sat,2026-02-07,15:00,Newcastle Utd,,,,Brentford,,St James' Park,,Head-to-Head,,https://fbref.com/en/matches/2026-01-17
25.0,Sat,2026-02-07,15:00,Bournemouth,,,,Aston Villa,,Vitality Stadium,,Head-to-Head,,
25.0,Sat,2026-02-07,15:00,Manchester Utd,,,,Tottenham,,Old Trafford,,Head-to-Head,,https://fbref.com/en/matches/2026-01-24
25.0,Sat,2026-02-07,15:00,Wolves,,,,Chelsea,,Molineux Stadium,,Head-to-Head,,https://fbref.com/en/matches/2026-01-24
25.0,Sat,2026-02-07,15:00,Brighton,,,,Crystal Palace,,The American Express Stadium,,Head-to-Head,,https://fbref.com/en/matches/2026-01-24
25.0,Sat,2026-02-07,15:00,Liverpool,,,,Manchester City,,Anfield,,Head-to-Head,,https://fbref.com/en/matches/2026-01-24
25.0,Sat,2026-02-07,15:00,Arsenal,,,,Sunderland,,Emirates Stadium,,Head-to-Head,,https://fbref.com/en/matches/2026-01-24
25.0,Sat,2026-02-07,15:00,Leeds United,,,,Nott'ham Forest,,Elland Road,,Head-to-Head,,https://fbref.com/en/matches/2026-01-24
25.0,Sat,2026-02-07,15:00,Burnley,,,,West Ham,,Turf Moor,,Head-to-Head,,https://fbref.com/en/matches/2026-01-24
25.0,Sat,2026-02-07,15:00,Fulham,,,,Everton,,Craven Cottage,,Head-to-Head,,https://fbref.com/en/matches/2026-01-24
26.0,Wed,2026-02-11,20:00,Everton,,,,Bournemouth,,Hill Dickinson Stadium,,Head-to-Head,,https://fbref.com/en/matches/2026-01-24
26.0,Wed,2026-02-11,20:00,Nott'ham Forest,,,,Wolves,,The City Ground,,Head-to-Head,,https://fbref.com/en/matches/2026-01-24
26.0,Wed,2026-02-11,20:00,Chelsea,,,,Leeds United,,Stamford Bridge,,Head-to-Head,,
26.0,Wed,2026-02-11,20:00,Crystal Palace,,,,Burnley,,Selhurst Park,,Head-to-Head,,https://fbref.com/en/matches/2026-01-31
26.0,Wed,2026-02-11,20:00,Sunderland,,,,Liverpool,,Stadium of Light,,Head-to-Head,,https://fbref.com/en/matches/2026-01-31
26.0,Wed,2026-02-11,20:00,West Ham,,,,Manchester Utd,,London Stadium,,Head-to-Head,,https://fbref.com/en/matches/2026-01-31
26.0,Wed,2026-02-11,20:00,Manchester City,,,,Fulham,,Etihad Stadium,,Head-to-Head,,https://fbref.com/en/matches/2026-01-31
26.0,Wed,2026-02-11,20:00,Aston Villa,,,,Brighton,,Villa Park,,Head-to-Head,,https://fbref.com/en/matches/2026-01-31
26.0,Wed,2026-02-11,20:00,Tottenham,,,,Newcastle Utd,,Tottenham Hotspur Stadium,,Head-to-Head,,https://fbref.com/en/matches/2026-01-31
26.0,Wed,2026-02-11,20:00,Brentford,,,,Arsenal,,Gtech Community Stadium,,Head-to-Head,,https://fbref.com/en/matches/2026-01-31
27.0,Sat,2026-02-21,15:00,Aston Villa,,,,Leeds United,,Villa Park,,Head-to-Head,,https://fbref.com/en/matches/2026-01-31
27.0,Sat,2026-02-21,15:00,Everton,,,,Manchester Utd,,Hill Dickinson Stadium,,Head-to-Head,,https://fbref.com/en/matches/2026-01-31
27.0,Sat,2026-02-21,15:00,Chelsea,,,,Burnley,,Stamford Bridge,,Head-to-Head,,https://fbref.com/en/matches/2026-01-31
27.0,Sat,2026-02-21,15:00,Tottenham,,,,Arsenal,,Tottenham Hotspur Stadium,,Head-to-Head,,
27.0,Sat,2026-02-21,15:00,Nott'ham Forest,,,,Liverpool,,The City Ground,,Head-to-Head,,https://fbref.com/en/matches/2026-02-07
27.0,Sat,2026-02-21,15:00,Brentford,,,,Brighton,,Gtech Community Stadium,,Head-to-Head,,https://fbref.com/en/matches/2026-02-07
27.0,Sat,2026-02-21,15:00,West Ham,,,,Bournemouth,,London Stadium,,Head-to-Head,,https://fbref.com/en/matches/2026-02-07
27.0,Sat,2026-02-21,15:00,Sunderland,,,,Fulham,,Stadium of Light,,Head-to-Head,,https://fbref.com/en/matches/2026-02-07
27.0,Sat,2026-02-21,15:00,Crystal Palace,,,,Wolves,,Selhurst Park,,Head-to-Head,,https://fbref.com/en/matches/2026-02-07
27.0,Sat,2026-02-21,15:00,Manchester City,,,,Newcastle Utd,,Etihad Stadium,,Head-to-Head,,https://fbref.com/en/matches/2026-02-07
28.0,Sat,2026-02-28,15:00,Newcastle Utd,,,,Everton,,St James' Park,,Head-to-Head,,https://fbref.com/en/matches/2026-02-07
28.0,Sat,2026-02-28,15:00,Burnley,,,,Brentford,,Turf Moor,,Head-to-Head,,https://fbref.com/en/matches/2026-02-07
28.0,Sat,2026-02-28,15:00,Brighton,,,,Nott'ham Forest,,The American Express Stadium,,Head-to-Head,,https://fbref.com/en/matches/2026-02-07
28.0,Sat,2026-02-28,15:00,Bournemouth,,,,Sunderland,,Vitality Stadium,,Head-to-Head,,https://fbref.com/en/matches/2026-02-07
28.0,Sat,2026-02-28,15:00,Liverpool,,,,West Ham,,Anfield,,Head-to-Head,,
28.0,Sat,2026-02-28,15:00,Manchester Utd,,,,Crystal Palace,,Old Trafford,,Head-to-Head,,https://fbref.com/en/matches/2026-02-11
28.0,Sat,2026-02-28,15:00,Fulham,,,,Tottenham,,Craven Cottage,,Head-to-Head,,https://fbref.com/en/matches/2026-02-11
28.0,Sat,2026-02-28,15:00,Leeds United,,,,Manchester City,,Elland Road,,Head-to-Head,,https://fbref.com/en/matches/2026-02-11
28.0,Sat,2026-02-28,15:00,Wolves,,,,Aston Villa,,Molineux Stadium,,Head-to-Head,,https://fbref.com/en/matches/2026-02-11
28.0,Sat,2026-02-28,15:00,Arsenal,,,,Chelsea,,Emirates Stadium,,Head-to-Head,,https://fbref.com/en/matches/2026-02-11
29.0,Wed,2026-03-04,20:00,Brighton,,,,Arsenal,,The American Express Stadium,,Head-to-Head,,https://fbref.com/en/matches/2026-02-11
29.0,Wed,2026-03-04,20:00,Wolves,,,,Liverpool,,Molineux Stadium,,Head-to-Head,,https://fbref.com/en/matches/2026-02-11
29.0,Wed,2026-03-04,20:00,Everton,,,,Burnley,,Hill Dickinson Stadium,,Head-to-Head,,https://fbref.com/en/matches/2026-02-11
29.0,Wed,2026-03-04,20:00,Aston Villa,,,,Chelsea,,Villa Park,,Head-to-Head,,https://fbref.com/en/matches/2026-02-11
29.0,Wed,2026-03-04,20:00,Tottenham,,,,Crystal Palace,,Tottenham Hotspur Stadium,,Head-to-Head,,https://fbref.com/en/matches/2026-02-11
29.0,Wed,2026-03-04,20:00,Fulham,,,,West Ham,,Craven Cottage,,Head-to-Head,,
29.0,Wed,2026-03-04,20:00,Newcastle Utd,,,,Manchester Utd,,St James' Park,,Head-to-Head,,https://fbref.com/en/matches/2026-02-21
29.0,Wed,2026-03-04,20:00,Bournemouth,,,,Brentford,,Vitality Stadium,,Head-to-Head,,https://fbref.com/en/matches/2026-02-21
29.0,Wed,2026-03-04,20:00,Manchester City,,,,Nott'ham Forest,,Etihad Stadium,,Head-to-Head,,https://fbref.com/en/matches/2026-02-21
29.0,Wed,2026-03-04,20:00,Leeds United,,,,Sunderland,,Elland Road,,Head-to-Head,,https://fbref.com/en/matches/2026-02-21
30.0,Sat,2026-03-14,15:00,Brentford,,,,Wolves,,Gtech Community Stadium,,Head-to-Head,,https://fbref.com/en/matches/2026-02-21
30.0,Sat,2026-03-14,15:00,Burnley,,,,Bournemouth,,Turf Moor,,Head-to-Head,,https://fbref.com/en/matches/2026-02-21
30.0,Sat,2026-03-14,15:00,West Ham,,,,Manchester City,,London Stadium,,Head-to-Head,,https://fbref.com/en/matches/2026-02-21
30.0,Sat,2026-03-14,15:00,Liverpool,,,,Tottenham,,Anfield,,Head-to-Head,,https://fbref.com/en/matches/2026-02-21
30.0,Sat,2026-03-14,15:00,Sunderland,,,,Brighton,,Stadium of Light,,Head-to-Head,,https://fbref.com/en/matches/2026-02-21
30.0,Sat,2026-03-14,15:00,Manchester Utd,,,,Aston Villa,,Old Trafford,,Head-to-Head,,https://fbref.com/en/matches/2026-02-21
30.0,Sat,2026-03-14,15:00,Chelsea,,,,Newcastle Utd,,Stamford Bridge,,Head-to-Head,,
30.0,Sat,2026-03-14,15:00,Crystal Palace,,,,Leeds United,,Selhurst Park,,Head-to-Head,,https://fbref.com/en/matches/2026-02-28
30.0,Sat,2026-03-14,15:00,Arsenal,,,,Everton,,Emirates Stadium,,Head-to-Head,,https://fbref.com/en/matches/2026-02-28
30.0,Sat,2026-03-14,15:00,Nott'ham Forest,,,,Fulham,,The City Ground,,Head-to-Head,,https://fbref.com/en/matches/2026-02-28
31.0,Sat,2026-03-21,15:00,Leeds United,,,,Brentford,,Elland Road,,Head-to-Head,,https://fbref.com/en/matches/2026-02-28
31.0,Sat,2026-03-21,15:00,Manchester City,,,,Crystal Palace,,Etihad Stadium,,Head-to-Head,,https://fbref.com/en/matches/2026-02-28
31.0,Sat,2026-03-21,15:00,Tottenham,,,,Nott'ham Forest,,Tottenham Hotspur Stadium,,Head-to-Head,,https://fbref.com/en/matches/2026-02-28
31.0,Sat,2026-03-21,15:00,Wolves,,,,Arsenal,,Molineux Stadium,,Head-to-Head,,https://fbref.com/en/matches/2026-02-28
31.0,Sat,2026-03-21,15:00,Bournemouth,,,,Manchester Utd,,Vitality Stadium,,Head-to-Head,,https://fbref.com/en/matches/2026-02-28
31.0,Sat,2026-03-21,15:00,Newcastle Utd,,,,Sunderland,,St James' Park,,Head-to-Head,,https://fbref.com/en/matches/2026-02-28
31.0,Sat,2026-03-21,15:00,Everton,,,,Chelsea,,Hill Dickinson Stadium,,Head-to-Head,,https://fbref.com/en/matches/2026-02-28
31.0,Sat,2026-03-21,15:00,Brighton,,,,Liverpool,,The American Express Stadium,,Head-to-Head,,
31.0,Sat,2026-03-21,15:00,Aston Villa,,,,West Ham,,Villa Park,,Head-to-Head,,https://fbref.com/en/matches/2026-03-04
31.0,Sat,2026-03-21,15:00,Fulham,,,,Burnley,,Craven Cottage,,Head-to-Head,,https://fbref.com/en/matches/2026-03-04
32.0,Sat,2026-04-11,15:00,Nott'ham Forest,,,,Aston Villa,,The City Ground,,Head-to-Head,,https://fbref.com/en/matches/2026-03-04
32.0,Sat,2026-04-11,15:00,Chelsea,,,,Manchester City,,Stamford Bridge,,Head-to-Head,,https://fbref.com/en/matches/2026-03-04
32.0,Sat,2026-04-11,15:00,Crystal Palace,,,,Newcastle Utd,,Selhurst Park,,Head-to-Head,,https://fbref.com/en/matches/2026-03-04
32.0,Sat,2026-04-11,15:00,Sunderland,,,,Tottenham,,Stadium of Light,,Head-to-Head,,https://fbref.com/en/matches/2026-03-04
32.0,Sat,2026-04-11,15:00,Arsenal,,,,Bournemouth,,Emirates Stadium,,Head-to-Head,,https://fbref.com/en/matches/2026-03-04
32.0,Sat,2026-04-11,15:00,West Ham,,,,Wolves,,London Stadium,,Head-to-Head,,https://fbref.com/en/matches/2026-03-04
32.0,Sat,2026-04-11,15:00,Burnley,,,,Brighton,,Turf Moor,,Head-to-Head,,https://fbref.com/en/matches/2026-03-04
32.0,Sat,2026-04-11,15:00,Manchester Utd,,,,Leeds United,,Old Trafford,,Head-to-Head,,https://fbref.com/en/matches/2026-03-04
32.0,Sat,2026-04-11,15:00,Liverpool,,,,Fulham,,Anfield,,Head-to-Head,,
32.0,Sat,2026-04-11,15:00,Brentford,,,,Everton,,Gtech Community Stadium,,Head-to-Head,,https://fbref.com/en/matches/2026-03-14
33.0,Sat,2026-04-18,15:00,Tottenham,,,,Brighton,,Tottenham Hotspur Stadium,,Head-to-Head,,https://fbref.com/en/matches/2026-03-14
33.0,Sat,2026-04-18,15:00,Manchester City,,,,Arsenal,,Etihad Stadium,,Head-to-Head,,https://fbref.com/en/matches/2026-03-14
33.0,Sat,2026-04-18,15:00,Nott'ham Forest,,,,Burnley,,The City Ground,,Head-to-Head,,https://fbref.com/en/matches/2026-03-14
33.0,Sat,2026-04-18,15:00,Leeds United,,,,Wolves,,Elland Road,,Head-to-Head,,https://fbref.com/en/matches/2026-03-14
33.0,Sat,2026-04-18,15:00,Everton,,,,Liverpool,,Hill Dickinson Stadium,,Head-to-Head,,https://fbref.com/en/matches/2026-03-14
33.0,Sat,2026-04-18,15:00,Chelsea,,,,Manchester Utd,,Stamford Bridge,,Head-to-Head,,https://fbref.com/en/matches/2026-03-14
33.0,Sat,2026-04-18,15:00,Newcastle Utd,,,,Bournemouth,,St James' Park,,Head-to-Head,,https://fbref.com/en/matches/2026-03-14
33.0,Sat,2026-04-18,15:00,Crystal Palace,,,,West Ham,,Selhurst Park,,Head-to-Head,,https://fbref.com/en/matches/2026-03-14
33.0,Sat,2026-04-18,15:00,Brentford,,,,Fulham,,Gtech Community Stadium,,Head-to-Head,,https://fbref.com/en/matches/2026-03-14
33.0,Sat,2026-04-18,15:00,Aston Villa,,,,Sunderland,,Villa Park,,Head-to-Head,,
34.0,Sat,2026-04-25,15:00,Bournemouth,,,,Leeds United,,Vitality Stadium,,Head-to-Head,,https://fbref.com/en/matches/2026-03-21
34.0,Sat,2026-04-25,15:00,Sunderland,,,,Nott'ham Forest,,Stadium of Light,,Head-to-Head,,https://fbref.com/en/matches/2026-03-21
34.0,Sat,2026-04-25,15:00,Manchester Utd,,,,Brentford,,Old Trafford,,Head-to-Head,,https://fbref.com/en/matches/2026-03-21
34.0,Sat,2026-04-25,15:00,Burnley,,,,Manchester City,,Turf Moor,,Head-to-Head,,https://fbref.com/en/matches/2026-03-21
34.0,Sat,2026-04-25,15:00,Arsenal,,,,Newcastle Utd,,Emirates Stadium,,Head-to-Head,,https://fbref.com/en/matches/2026-03-21
34.0,Sat,2026-04-25,15:00,Wolves,,,,Tottenham,,Molineux Stadium,,Head-to-Head,,https://fbref.com/en/matches/2026-03-21
34.0,Sat,2026-04-25,15:00,Fulham,,,,Aston Villa,,Craven Cottage,,Head-to-Head,,https://fbref.com/en/matches/2026-03-21
34.0,Sat,2026-04-25,15:00,Brighton,,,,Chelsea,,The American Express Stadium,,Head-to-Head,,https://fbref.com/en/matches/2026-03-21
34.0,Sat,2026-04-25,15:00,Liverpool,,,,Crystal Palace,,Anfield,,Head-to-Head,,https://fbref.com/en/matches/2026-03-21
34.0,Sat,2026-04-25,15:00,West Ham,,,,Everton,,London Stadium,,Head-to-Head,,https://fbref.com/en/matches/2026-03-21
35.0,Sat,2026-05-02,15:00,Arsenal,,,,Fulham,,Emirates Stadium,,Head-to-Head,,
35.0,Sat,2026-05-02,15:00,Wolves,,,,Sunderland,,Molineux Stadium,,Head-to-Head,,https://fbref.com/en/matches/2026-04-11
35.0,Sat,2026-05-02,15:00,Bournemouth,,,,Crystal Palace,,Vitality Stadium,,Head-to-Head,,https://fbref.com/en/matches/2026-04-11
35.0,Sat,2026-05-02,15:00,Newcastle Utd,,,,Brighton,,St James' Park,,Head-to-Head,,https://fbref.com/en/matches/2026-04-11
35.0,Sat,2026-05-02,15:00,Aston Villa,,,,Tottenham,,Villa Park,,Head-to-Head,,https://fbref.com/en/matches/2026-04-11
35.0,Sat,2026-05-02,15:00,Manchester Utd,,,,Liverpool,,Old Trafford,,Head-to-Head,,https://fbref.com/en/matches/2026-04-11
35.0,Sat,2026-05-02,15:00,Leeds United,,,,Burnley,,Elland Road,,Head-to-Head,,https://fbref.com/en/matches/2026-04-11
35.0,Sat,2026-05-02,15:00,Everton,,,,Manchester City,,Hill Dickinson Stadium,,Head-to-Head,,https://fbref.com/en/matches/2026-04-11
35.0,Sat,2026-05-02,15:00,Brentford,,,,West Ham,,Gtech Community Stadium,,Head-to-Head,,https://fbref.com/en/matches/2026-04-11
35.0,Sat,2026-05-02,15:00,Chelsea,,,,Nott'ham Forest,,Stamford Bridge,,Head-to-Head,,https://fbref.com/en/matches/2026-04-11
36.0,Sat,2026-05-09,15:00,West Ham,,,,Arsenal,,London Stadium,,Head-to-Head,,https://fbref.com/en/matches/2026-04-11
36.0,Sat,2026-05-09,15:00,Brighton,,,,Wolves,,The American Express Stadium,,Head-to-Head,,
36.0,Sat,2026-05-09,15:00,Tottenham,,,,Leeds United,,Tottenham Hotspur Stadium,,Head-to-Head,,https://fbref.com/en/matches/2026-04-18
36.0,Sat,2026-05-09,15:00,Crystal Palace,,,,Everton,,Selhurst Park,,Head-to-Head,,https://fbref.com/en/matches/2026-04-18
36.0,Sat,2026-05-09,15:00,Manchester City,,,,Brentford,,Etihad Stadium,,Head-to-Head,,https://fbref.com/en/matches/2026-04-18
36.0,Sat,2026-05-09,15:00,Nott'ham Forest,,,,Newcastle Utd,,The City Ground,,Head-to-Head,,https://fbref.com/en/matches/2026-04-18
36.0,Sat,2026-05-09,15:00,Burnley,,,,Aston Villa,,Turf Moor,,Head-to-Head,,https://fbref.com/en/matches/2026-04-18
36.0,Sat,2026-05-09,15:00,Fulham,,,,Bournemouth,,Craven Cottage,,Head-to-Head,,https://fbref.com/en/matches/2026-04-18
36.0,Sat,2026-05-09,15:00,Liverpool,,,,Chelsea,,Anfield,,Head-to-Head,,https://fbref.com/en/matches/2026-04-18
36.0,Sat,2026-05-09,15:00,Sunderland,,,,Manchester Utd,,Stadium of Light,,Head-to-Head,,https://fbref.com/en/matches/2026-04-18
37.0,Sun,2026-05-17,15:00,Everton,,,,Sunderland,,Hill Dickinson Stadium,,Head-to-Head,,https://fbref.com/en/matches/2026-04-18
37.0,Sun,2026-05-17,15:00,Leeds United,,,,Brighton,,Elland Road,,Head-to-Head,,https://fbref.com/en/matches/2026-04-18
37.0,Sun,2026-05-17,15:00,Chelsea,,,,Tottenham,,Stamford Bridge,,Head-to-Head,,
37.0,Sun,2026-05-17,15:00,Manchester Utd,,,,Nott'ham Forest,,Old Trafford,,Head-to-Head,,https://fbref.com/en/matches/2026-04-25
37.0,Sun,2026-05-17,15:00,Newcastle Utd,,,,West Ham,,St James' Park,,Head-to-Head,,https://fbref.com/en/matches/2026-04-25
37.0,Sun,2026-05-17,15:00,Wolves,,,,Fulham,,Molineux Stadium,,Head-to-Head,,https://fbref.com/en/matches/2026-04-25
37.0,Sun,2026-05-17,15:00,Aston Villa,,,,Liverpool,,Villa Park,,Head-to-Head,,https://fbref.com/en/matches/2026-04-25
37.0,Sun,2026-05-17,15:00,Brentford,,,,Crystal Palace,,Gtech Community Stadium,,Head-to-Head,,https://fbref.com/en/matches/2026-04-25
37.0,Sun,2026-05-17,15:00,Arsenal,,,,Burnley,,Emirates Stadium,,Head-to-Head,,https://fbref.com/en/matches/2026-04-25
37.0,Sun,2026-05-17,15:00,Bournemouth,,,,Manchester City,,Vitality Stadium,,Head-to-Head,,https://fbref.com/en/matches/2026-04-25
38.0,Sun,2026-05-24,16:00,Crystal Palace,,,,Arsenal,,Selhurst Park,,Head-to-Head,,https://fbref.com/en/matches/2026-04-25
38.0,Sun,2026-05-24,16:00,Manchester City,,,,Aston Villa,,Etihad Stadium,,Head-to-Head,,https://fbref.com/en/matches/2026-04-25
38.0,Sun,2026-05-24,16:00,West Ham,,,,Leeds United,,London Stadium,,Head-to-Head,,https://fbref.com/en/matches/2026-04-25
38.0,Sun,2026-05-24,16:00,Tottenham,,,,Everton,,Tottenham Hotspur Stadium,,Head-to-Head,,
38.0,Sun,2026-05-24,16:00,Brighton,,,,Manchester Utd,,The American Express Stadium,,Head-to-Head,,https://fbref.com/en/matches/2026-05-02
38.0,Sun,2026-05-24,16:00,Liverpool,,,,Brentford,,Anfield,,Head-to-Head,,https://fbref.com/en/matches/2026-05-02
38.0,Sun,2026-05-24,16:00,Fulham,,,,Newcastle Utd,,Craven Cottage,,Head-to-Head,,https://fbref.com/en/matches/2026-05-02
38.0,Sun,2026-05-24,16:00,Nott'ham Forest,,,,Bournemouth,,The City Ground,,Head-to-Head,,https://fbref.com/en/matches/2026-05-02
38.0,Sun,2026-05-24,16:00,Sunderland,,,,Chelsea,,Stadium of Light,,Head-to-Head,,https://fbref.com/en/matches/2026-05-02
38.0,Sun,2026-05-24,16:00,Burnley,,,,Wolves,,Turf Moor,,Head-to-Head,,https://fbref.com/en/matches/2026-05-02
